2025-04-29 15:50:33,185:WARNING:
'cuml' is a soft dependency and not included in the pycaret installation. Please run: `pip install cuml` to install.
2025-04-29 15:50:33,186:WARNING:
'cuml' is a soft dependency and not included in the pycaret installation. Please run: `pip install cuml` to install.
2025-04-29 15:50:33,186:WARNING:
'cuml' is a soft dependency and not included in the pycaret installation. Please run: `pip install cuml` to install.
2025-04-29 15:50:33,186:WARNING:
'cuml' is a soft dependency and not included in the pycaret installation. Please run: `pip install cuml` to install.
2025-04-29 15:50:34,236:INFO:Initializing load_model()
2025-04-29 15:50:34,236:INFO:load_model(model_name=welcome_survey_clustering_pipeline_v1, platform=None, authentication=None, verbose=True)
2025-04-29 15:50:34,356:INFO:Initializing predict_model()
2025-04-29 15:50:34,356:INFO:predict_model(self=<pycaret.clustering.oop.ClusteringExperiment object at 0x0000025D8FBFE290>, estimator=Pipeline(memory=Memory(location=None),
         steps=[('numerical_imputer',
                 TransformerWrapper(include=[], transformer=SimpleImputer())),
                ('categorical_imputer',
                 TransformerWrapper(include=['age', 'edu_level', 'fav_animals',
                                             'fav_place', 'gender'],
                                    transformer=SimpleImputer(strategy='most_frequent'))),
                ('ordinal_encoding',
                 TransformerWrapper(include=['gender'],
                                    transfo...
                                                               mapping=[{'col': 'gender',
                                                                         'data_type': dtype('O'),
                                                                         'mapping': Kobieta      0
Mężczyzna    1
NaN         -1
dtype: int64}]))),
                ('onehot_encoding',
                 TransformerWrapper(include=['age', 'edu_level', 'fav_animals',
                                             'fav_place'],
                                    transformer=OneHotEncoder(cols=['age',
                                                                    'edu_level',
                                                                    'fav_animals',
                                                                    'fav_place'],
                                                              handle_missing='return_nan',
                                                              use_cat_names=True))),
                ('trained_model', KMeans(random_state=123))]), ml_usecase=None)
2025-04-29 15:50:34,358:INFO:Set up data.
2025-04-29 15:50:45,834:INFO:Initializing predict_model()
2025-04-29 15:50:45,834:INFO:predict_model(self=<pycaret.clustering.oop.ClusteringExperiment object at 0x0000025D9794F150>, estimator=Pipeline(memory=Memory(location=None),
         steps=[('numerical_imputer',
                 TransformerWrapper(include=[], transformer=SimpleImputer())),
                ('categorical_imputer',
                 TransformerWrapper(include=['age', 'edu_level', 'fav_animals',
                                             'fav_place', 'gender'],
                                    transformer=SimpleImputer(strategy='most_frequent'))),
                ('ordinal_encoding',
                 TransformerWrapper(include=['gender'],
                                    transfo...
                                                               mapping=[{'col': 'gender',
                                                                         'data_type': dtype('O'),
                                                                         'mapping': Kobieta      0
Mężczyzna    1
NaN         -1
dtype: int64}]))),
                ('onehot_encoding',
                 TransformerWrapper(include=['age', 'edu_level', 'fav_animals',
                                             'fav_place'],
                                    transformer=OneHotEncoder(cols=['age',
                                                                    'edu_level',
                                                                    'fav_animals',
                                                                    'fav_place'],
                                                              handle_missing='return_nan',
                                                              use_cat_names=True))),
                ('trained_model', KMeans(random_state=123))]), ml_usecase=None)
2025-04-29 15:50:45,834:INFO:Set up data.
2025-04-29 15:50:47,978:INFO:Initializing predict_model()
2025-04-29 15:50:47,978:INFO:predict_model(self=<pycaret.clustering.oop.ClusteringExperiment object at 0x0000025D9794F310>, estimator=Pipeline(memory=Memory(location=None),
         steps=[('numerical_imputer',
                 TransformerWrapper(include=[], transformer=SimpleImputer())),
                ('categorical_imputer',
                 TransformerWrapper(include=['age', 'edu_level', 'fav_animals',
                                             'fav_place', 'gender'],
                                    transformer=SimpleImputer(strategy='most_frequent'))),
                ('ordinal_encoding',
                 TransformerWrapper(include=['gender'],
                                    transfo...
                                                               mapping=[{'col': 'gender',
                                                                         'data_type': dtype('O'),
                                                                         'mapping': Kobieta      0
Mężczyzna    1
NaN         -1
dtype: int64}]))),
                ('onehot_encoding',
                 TransformerWrapper(include=['age', 'edu_level', 'fav_animals',
                                             'fav_place'],
                                    transformer=OneHotEncoder(cols=['age',
                                                                    'edu_level',
                                                                    'fav_animals',
                                                                    'fav_place'],
                                                              handle_missing='return_nan',
                                                              use_cat_names=True))),
                ('trained_model', KMeans(random_state=123))]), ml_usecase=None)
2025-04-29 15:50:47,978:INFO:Set up data.
2025-04-29 15:50:50,906:INFO:Initializing predict_model()
2025-04-29 15:50:50,906:INFO:predict_model(self=<pycaret.clustering.oop.ClusteringExperiment object at 0x0000025D8D32D710>, estimator=Pipeline(memory=Memory(location=None),
         steps=[('numerical_imputer',
                 TransformerWrapper(include=[], transformer=SimpleImputer())),
                ('categorical_imputer',
                 TransformerWrapper(include=['age', 'edu_level', 'fav_animals',
                                             'fav_place', 'gender'],
                                    transformer=SimpleImputer(strategy='most_frequent'))),
                ('ordinal_encoding',
                 TransformerWrapper(include=['gender'],
                                    transfo...
                                                               mapping=[{'col': 'gender',
                                                                         'data_type': dtype('O'),
                                                                         'mapping': Kobieta      0
Mężczyzna    1
NaN         -1
dtype: int64}]))),
                ('onehot_encoding',
                 TransformerWrapper(include=['age', 'edu_level', 'fav_animals',
                                             'fav_place'],
                                    transformer=OneHotEncoder(cols=['age',
                                                                    'edu_level',
                                                                    'fav_animals',
                                                                    'fav_place'],
                                                              handle_missing='return_nan',
                                                              use_cat_names=True))),
                ('trained_model', KMeans(random_state=123))]), ml_usecase=None)
2025-04-29 15:50:50,906:INFO:Set up data.
2025-04-29 15:50:52,247:INFO:Initializing predict_model()
2025-04-29 15:50:52,247:INFO:predict_model(self=<pycaret.clustering.oop.ClusteringExperiment object at 0x0000025D977D90D0>, estimator=Pipeline(memory=Memory(location=None),
         steps=[('numerical_imputer',
                 TransformerWrapper(include=[], transformer=SimpleImputer())),
                ('categorical_imputer',
                 TransformerWrapper(include=['age', 'edu_level', 'fav_animals',
                                             'fav_place', 'gender'],
                                    transformer=SimpleImputer(strategy='most_frequent'))),
                ('ordinal_encoding',
                 TransformerWrapper(include=['gender'],
                                    transfo...
                                                               mapping=[{'col': 'gender',
                                                                         'data_type': dtype('O'),
                                                                         'mapping': Kobieta      0
Mężczyzna    1
NaN         -1
dtype: int64}]))),
                ('onehot_encoding',
                 TransformerWrapper(include=['age', 'edu_level', 'fav_animals',
                                             'fav_place'],
                                    transformer=OneHotEncoder(cols=['age',
                                                                    'edu_level',
                                                                    'fav_animals',
                                                                    'fav_place'],
                                                              handle_missing='return_nan',
                                                              use_cat_names=True))),
                ('trained_model', KMeans(random_state=123))]), ml_usecase=None)
2025-04-29 15:50:52,247:INFO:Set up data.
2025-04-29 15:50:55,816:INFO:Initializing predict_model()
2025-04-29 15:50:55,817:INFO:predict_model(self=<pycaret.clustering.oop.ClusteringExperiment object at 0x0000025D9781C850>, estimator=Pipeline(memory=Memory(location=None),
         steps=[('numerical_imputer',
                 TransformerWrapper(include=[], transformer=SimpleImputer())),
                ('categorical_imputer',
                 TransformerWrapper(include=['age', 'edu_level', 'fav_animals',
                                             'fav_place', 'gender'],
                                    transformer=SimpleImputer(strategy='most_frequent'))),
                ('ordinal_encoding',
                 TransformerWrapper(include=['gender'],
                                    transfo...
                                                               mapping=[{'col': 'gender',
                                                                         'data_type': dtype('O'),
                                                                         'mapping': Kobieta      0
Mężczyzna    1
NaN         -1
dtype: int64}]))),
                ('onehot_encoding',
                 TransformerWrapper(include=['age', 'edu_level', 'fav_animals',
                                             'fav_place'],
                                    transformer=OneHotEncoder(cols=['age',
                                                                    'edu_level',
                                                                    'fav_animals',
                                                                    'fav_place'],
                                                              handle_missing='return_nan',
                                                              use_cat_names=True))),
                ('trained_model', KMeans(random_state=123))]), ml_usecase=None)
2025-04-29 15:50:55,817:INFO:Set up data.
2025-04-29 15:50:58,608:INFO:Initializing predict_model()
2025-04-29 15:50:58,608:INFO:predict_model(self=<pycaret.clustering.oop.ClusteringExperiment object at 0x0000025D979C0B10>, estimator=Pipeline(memory=Memory(location=None),
         steps=[('numerical_imputer',
                 TransformerWrapper(include=[], transformer=SimpleImputer())),
                ('categorical_imputer',
                 TransformerWrapper(include=['age', 'edu_level', 'fav_animals',
                                             'fav_place', 'gender'],
                                    transformer=SimpleImputer(strategy='most_frequent'))),
                ('ordinal_encoding',
                 TransformerWrapper(include=['gender'],
                                    transfo...
                                                               mapping=[{'col': 'gender',
                                                                         'data_type': dtype('O'),
                                                                         'mapping': Kobieta      0
Mężczyzna    1
NaN         -1
dtype: int64}]))),
                ('onehot_encoding',
                 TransformerWrapper(include=['age', 'edu_level', 'fav_animals',
                                             'fav_place'],
                                    transformer=OneHotEncoder(cols=['age',
                                                                    'edu_level',
                                                                    'fav_animals',
                                                                    'fav_place'],
                                                              handle_missing='return_nan',
                                                              use_cat_names=True))),
                ('trained_model', KMeans(random_state=123))]), ml_usecase=None)
2025-04-29 15:50:58,608:INFO:Set up data.
2025-04-29 15:51:43,219:INFO:Initializing predict_model()
2025-04-29 15:51:43,220:INFO:predict_model(self=<pycaret.clustering.oop.ClusteringExperiment object at 0x0000025D8FFB9110>, estimator=Pipeline(memory=Memory(location=None),
         steps=[('numerical_imputer',
                 TransformerWrapper(include=[], transformer=SimpleImputer())),
                ('categorical_imputer',
                 TransformerWrapper(include=['age', 'edu_level', 'fav_animals',
                                             'fav_place', 'gender'],
                                    transformer=SimpleImputer(strategy='most_frequent'))),
                ('ordinal_encoding',
                 TransformerWrapper(include=['gender'],
                                    transfo...
                                                               mapping=[{'col': 'gender',
                                                                         'data_type': dtype('O'),
                                                                         'mapping': Kobieta      0
Mężczyzna    1
NaN         -1
dtype: int64}]))),
                ('onehot_encoding',
                 TransformerWrapper(include=['age', 'edu_level', 'fav_animals',
                                             'fav_place'],
                                    transformer=OneHotEncoder(cols=['age',
                                                                    'edu_level',
                                                                    'fav_animals',
                                                                    'fav_place'],
                                                              handle_missing='return_nan',
                                                              use_cat_names=True))),
                ('trained_model', KMeans(random_state=123))]), ml_usecase=None)
2025-04-29 15:51:43,220:INFO:Set up data.
2025-04-29 15:52:18,726:INFO:Initializing predict_model()
2025-04-29 15:52:18,727:INFO:predict_model(self=<pycaret.clustering.oop.ClusteringExperiment object at 0x0000025D979955D0>, estimator=Pipeline(memory=Memory(location=None),
         steps=[('numerical_imputer',
                 TransformerWrapper(include=[], transformer=SimpleImputer())),
                ('categorical_imputer',
                 TransformerWrapper(include=['age', 'edu_level', 'fav_animals',
                                             'fav_place', 'gender'],
                                    transformer=SimpleImputer(strategy='most_frequent'))),
                ('ordinal_encoding',
                 TransformerWrapper(include=['gender'],
                                    transfo...
                                                               mapping=[{'col': 'gender',
                                                                         'data_type': dtype('O'),
                                                                         'mapping': Kobieta      0
Mężczyzna    1
NaN         -1
dtype: int64}]))),
                ('onehot_encoding',
                 TransformerWrapper(include=['age', 'edu_level', 'fav_animals',
                                             'fav_place'],
                                    transformer=OneHotEncoder(cols=['age',
                                                                    'edu_level',
                                                                    'fav_animals',
                                                                    'fav_place'],
                                                              handle_missing='return_nan',
                                                              use_cat_names=True))),
                ('trained_model', KMeans(random_state=123))]), ml_usecase=None)
2025-04-29 15:52:18,727:INFO:Set up data.
2025-04-29 15:52:45,333:INFO:Initializing predict_model()
2025-04-29 15:52:45,333:INFO:predict_model(self=<pycaret.clustering.oop.ClusteringExperiment object at 0x0000025D978EC110>, estimator=Pipeline(memory=Memory(location=None),
         steps=[('numerical_imputer',
                 TransformerWrapper(include=[], transformer=SimpleImputer())),
                ('categorical_imputer',
                 TransformerWrapper(include=['age', 'edu_level', 'fav_animals',
                                             'fav_place', 'gender'],
                                    transformer=SimpleImputer(strategy='most_frequent'))),
                ('ordinal_encoding',
                 TransformerWrapper(include=['gender'],
                                    transfo...
                                                               mapping=[{'col': 'gender',
                                                                         'data_type': dtype('O'),
                                                                         'mapping': Kobieta      0
Mężczyzna    1
NaN         -1
dtype: int64}]))),
                ('onehot_encoding',
                 TransformerWrapper(include=['age', 'edu_level', 'fav_animals',
                                             'fav_place'],
                                    transformer=OneHotEncoder(cols=['age',
                                                                    'edu_level',
                                                                    'fav_animals',
                                                                    'fav_place'],
                                                              handle_missing='return_nan',
                                                              use_cat_names=True))),
                ('trained_model', KMeans(random_state=123))]), ml_usecase=None)
2025-04-29 15:52:45,333:INFO:Set up data.
2025-04-29 15:53:32,203:INFO:Initializing predict_model()
2025-04-29 15:53:32,203:INFO:predict_model(self=<pycaret.clustering.oop.ClusteringExperiment object at 0x0000025D9790CF50>, estimator=Pipeline(memory=Memory(location=None),
         steps=[('numerical_imputer',
                 TransformerWrapper(include=[], transformer=SimpleImputer())),
                ('categorical_imputer',
                 TransformerWrapper(include=['age', 'edu_level', 'fav_animals',
                                             'fav_place', 'gender'],
                                    transformer=SimpleImputer(strategy='most_frequent'))),
                ('ordinal_encoding',
                 TransformerWrapper(include=['gender'],
                                    transfo...
                                                               mapping=[{'col': 'gender',
                                                                         'data_type': dtype('O'),
                                                                         'mapping': Kobieta      0
Mężczyzna    1
NaN         -1
dtype: int64}]))),
                ('onehot_encoding',
                 TransformerWrapper(include=['age', 'edu_level', 'fav_animals',
                                             'fav_place'],
                                    transformer=OneHotEncoder(cols=['age',
                                                                    'edu_level',
                                                                    'fav_animals',
                                                                    'fav_place'],
                                                              handle_missing='return_nan',
                                                              use_cat_names=True))),
                ('trained_model', KMeans(random_state=123))]), ml_usecase=None)
2025-04-29 15:53:32,203:INFO:Set up data.
2025-04-29 15:53:32,257:INFO:Initializing predict_model()
2025-04-29 15:53:32,258:INFO:predict_model(self=<pycaret.clustering.oop.ClusteringExperiment object at 0x0000025D9825BCD0>, estimator=Pipeline(memory=Memory(location=None),
         steps=[('numerical_imputer',
                 TransformerWrapper(include=[], transformer=SimpleImputer())),
                ('categorical_imputer',
                 TransformerWrapper(include=['age', 'edu_level', 'fav_animals',
                                             'fav_place', 'gender'],
                                    transformer=SimpleImputer(strategy='most_frequent'))),
                ('ordinal_encoding',
                 TransformerWrapper(include=['gender'],
                                    transfo...
                                                               mapping=[{'col': 'gender',
                                                                         'data_type': dtype('O'),
                                                                         'mapping': Kobieta      0
Mężczyzna    1
NaN         -1
dtype: int64}]))),
                ('onehot_encoding',
                 TransformerWrapper(include=['age', 'edu_level', 'fav_animals',
                                             'fav_place'],
                                    transformer=OneHotEncoder(cols=['age',
                                                                    'edu_level',
                                                                    'fav_animals',
                                                                    'fav_place'],
                                                              handle_missing='return_nan',
                                                              use_cat_names=True))),
                ('trained_model', KMeans(random_state=123))]), ml_usecase=None)
2025-04-29 15:53:32,258:INFO:Set up data.
2025-04-29 15:54:04,651:INFO:Initializing predict_model()
2025-04-29 15:54:04,652:INFO:predict_model(self=<pycaret.clustering.oop.ClusteringExperiment object at 0x0000025D8FBB5A10>, estimator=Pipeline(memory=Memory(location=None),
         steps=[('numerical_imputer',
                 TransformerWrapper(include=[], transformer=SimpleImputer())),
                ('categorical_imputer',
                 TransformerWrapper(include=['age', 'edu_level', 'fav_animals',
                                             'fav_place', 'gender'],
                                    transformer=SimpleImputer(strategy='most_frequent'))),
                ('ordinal_encoding',
                 TransformerWrapper(include=['gender'],
                                    transfo...
                                                               mapping=[{'col': 'gender',
                                                                         'data_type': dtype('O'),
                                                                         'mapping': Kobieta      0
Mężczyzna    1
NaN         -1
dtype: int64}]))),
                ('onehot_encoding',
                 TransformerWrapper(include=['age', 'edu_level', 'fav_animals',
                                             'fav_place'],
                                    transformer=OneHotEncoder(cols=['age',
                                                                    'edu_level',
                                                                    'fav_animals',
                                                                    'fav_place'],
                                                              handle_missing='return_nan',
                                                              use_cat_names=True))),
                ('trained_model', KMeans(random_state=123))]), ml_usecase=None)
2025-04-29 15:54:04,652:INFO:Set up data.
2025-04-29 15:54:11,576:INFO:Initializing predict_model()
2025-04-29 15:54:11,576:INFO:predict_model(self=<pycaret.clustering.oop.ClusteringExperiment object at 0x0000025D8FBF9010>, estimator=Pipeline(memory=Memory(location=None),
         steps=[('numerical_imputer',
                 TransformerWrapper(include=[], transformer=SimpleImputer())),
                ('categorical_imputer',
                 TransformerWrapper(include=['age', 'edu_level', 'fav_animals',
                                             'fav_place', 'gender'],
                                    transformer=SimpleImputer(strategy='most_frequent'))),
                ('ordinal_encoding',
                 TransformerWrapper(include=['gender'],
                                    transfo...
                                                               mapping=[{'col': 'gender',
                                                                         'data_type': dtype('O'),
                                                                         'mapping': Kobieta      0
Mężczyzna    1
NaN         -1
dtype: int64}]))),
                ('onehot_encoding',
                 TransformerWrapper(include=['age', 'edu_level', 'fav_animals',
                                             'fav_place'],
                                    transformer=OneHotEncoder(cols=['age',
                                                                    'edu_level',
                                                                    'fav_animals',
                                                                    'fav_place'],
                                                              handle_missing='return_nan',
                                                              use_cat_names=True))),
                ('trained_model', KMeans(random_state=123))]), ml_usecase=None)
2025-04-29 15:54:11,576:INFO:Set up data.
2025-04-29 15:54:14,518:INFO:Initializing predict_model()
2025-04-29 15:54:14,518:INFO:predict_model(self=<pycaret.clustering.oop.ClusteringExperiment object at 0x0000025D99724950>, estimator=Pipeline(memory=Memory(location=None),
         steps=[('numerical_imputer',
                 TransformerWrapper(include=[], transformer=SimpleImputer())),
                ('categorical_imputer',
                 TransformerWrapper(include=['age', 'edu_level', 'fav_animals',
                                             'fav_place', 'gender'],
                                    transformer=SimpleImputer(strategy='most_frequent'))),
                ('ordinal_encoding',
                 TransformerWrapper(include=['gender'],
                                    transfo...
                                                               mapping=[{'col': 'gender',
                                                                         'data_type': dtype('O'),
                                                                         'mapping': Kobieta      0
Mężczyzna    1
NaN         -1
dtype: int64}]))),
                ('onehot_encoding',
                 TransformerWrapper(include=['age', 'edu_level', 'fav_animals',
                                             'fav_place'],
                                    transformer=OneHotEncoder(cols=['age',
                                                                    'edu_level',
                                                                    'fav_animals',
                                                                    'fav_place'],
                                                              handle_missing='return_nan',
                                                              use_cat_names=True))),
                ('trained_model', KMeans(random_state=123))]), ml_usecase=None)
2025-04-29 15:54:14,518:INFO:Set up data.
2025-04-29 15:54:16,314:INFO:Initializing predict_model()
2025-04-29 15:54:16,314:INFO:predict_model(self=<pycaret.clustering.oop.ClusteringExperiment object at 0x0000025D98347910>, estimator=Pipeline(memory=Memory(location=None),
         steps=[('numerical_imputer',
                 TransformerWrapper(include=[], transformer=SimpleImputer())),
                ('categorical_imputer',
                 TransformerWrapper(include=['age', 'edu_level', 'fav_animals',
                                             'fav_place', 'gender'],
                                    transformer=SimpleImputer(strategy='most_frequent'))),
                ('ordinal_encoding',
                 TransformerWrapper(include=['gender'],
                                    transfo...
                                                               mapping=[{'col': 'gender',
                                                                         'data_type': dtype('O'),
                                                                         'mapping': Kobieta      0
Mężczyzna    1
NaN         -1
dtype: int64}]))),
                ('onehot_encoding',
                 TransformerWrapper(include=['age', 'edu_level', 'fav_animals',
                                             'fav_place'],
                                    transformer=OneHotEncoder(cols=['age',
                                                                    'edu_level',
                                                                    'fav_animals',
                                                                    'fav_place'],
                                                              handle_missing='return_nan',
                                                              use_cat_names=True))),
                ('trained_model', KMeans(random_state=123))]), ml_usecase=None)
2025-04-29 15:54:16,314:INFO:Set up data.
2025-04-29 15:54:18,694:INFO:Initializing predict_model()
2025-04-29 15:54:18,697:INFO:predict_model(self=<pycaret.clustering.oop.ClusteringExperiment object at 0x0000025D977C65D0>, estimator=Pipeline(memory=Memory(location=None),
         steps=[('numerical_imputer',
                 TransformerWrapper(include=[], transformer=SimpleImputer())),
                ('categorical_imputer',
                 TransformerWrapper(include=['age', 'edu_level', 'fav_animals',
                                             'fav_place', 'gender'],
                                    transformer=SimpleImputer(strategy='most_frequent'))),
                ('ordinal_encoding',
                 TransformerWrapper(include=['gender'],
                                    transfo...
                                                               mapping=[{'col': 'gender',
                                                                         'data_type': dtype('O'),
                                                                         'mapping': Kobieta      0
Mężczyzna    1
NaN         -1
dtype: int64}]))),
                ('onehot_encoding',
                 TransformerWrapper(include=['age', 'edu_level', 'fav_animals',
                                             'fav_place'],
                                    transformer=OneHotEncoder(cols=['age',
                                                                    'edu_level',
                                                                    'fav_animals',
                                                                    'fav_place'],
                                                              handle_missing='return_nan',
                                                              use_cat_names=True))),
                ('trained_model', KMeans(random_state=123))]), ml_usecase=None)
2025-04-29 15:54:18,697:INFO:Set up data.
2025-04-29 15:55:35,504:INFO:Initializing predict_model()
2025-04-29 15:55:35,504:INFO:predict_model(self=<pycaret.clustering.oop.ClusteringExperiment object at 0x0000025D8FC06810>, estimator=Pipeline(memory=Memory(location=None),
         steps=[('numerical_imputer',
                 TransformerWrapper(include=[], transformer=SimpleImputer())),
                ('categorical_imputer',
                 TransformerWrapper(include=['age', 'edu_level', 'fav_animals',
                                             'fav_place', 'gender'],
                                    transformer=SimpleImputer(strategy='most_frequent'))),
                ('ordinal_encoding',
                 TransformerWrapper(include=['gender'],
                                    transfo...
                                                               mapping=[{'col': 'gender',
                                                                         'data_type': dtype('O'),
                                                                         'mapping': Kobieta      0
Mężczyzna    1
NaN         -1
dtype: int64}]))),
                ('onehot_encoding',
                 TransformerWrapper(include=['age', 'edu_level', 'fav_animals',
                                             'fav_place'],
                                    transformer=OneHotEncoder(cols=['age',
                                                                    'edu_level',
                                                                    'fav_animals',
                                                                    'fav_place'],
                                                              handle_missing='return_nan',
                                                              use_cat_names=True))),
                ('trained_model', KMeans(random_state=123))]), ml_usecase=None)
2025-04-29 15:55:35,504:INFO:Set up data.
2025-04-29 15:56:08,992:INFO:Initializing predict_model()
2025-04-29 15:56:08,992:INFO:predict_model(self=<pycaret.clustering.oop.ClusteringExperiment object at 0x0000025D99720190>, estimator=Pipeline(memory=Memory(location=None),
         steps=[('numerical_imputer',
                 TransformerWrapper(include=[], transformer=SimpleImputer())),
                ('categorical_imputer',
                 TransformerWrapper(include=['age', 'edu_level', 'fav_animals',
                                             'fav_place', 'gender'],
                                    transformer=SimpleImputer(strategy='most_frequent'))),
                ('ordinal_encoding',
                 TransformerWrapper(include=['gender'],
                                    transfo...
                                                               mapping=[{'col': 'gender',
                                                                         'data_type': dtype('O'),
                                                                         'mapping': Kobieta      0
Mężczyzna    1
NaN         -1
dtype: int64}]))),
                ('onehot_encoding',
                 TransformerWrapper(include=['age', 'edu_level', 'fav_animals',
                                             'fav_place'],
                                    transformer=OneHotEncoder(cols=['age',
                                                                    'edu_level',
                                                                    'fav_animals',
                                                                    'fav_place'],
                                                              handle_missing='return_nan',
                                                              use_cat_names=True))),
                ('trained_model', KMeans(random_state=123))]), ml_usecase=None)
2025-04-29 15:56:08,992:INFO:Set up data.
2025-04-29 15:56:12,686:INFO:Initializing predict_model()
2025-04-29 15:56:12,686:INFO:predict_model(self=<pycaret.clustering.oop.ClusteringExperiment object at 0x0000025D9850F950>, estimator=Pipeline(memory=Memory(location=None),
         steps=[('numerical_imputer',
                 TransformerWrapper(include=[], transformer=SimpleImputer())),
                ('categorical_imputer',
                 TransformerWrapper(include=['age', 'edu_level', 'fav_animals',
                                             'fav_place', 'gender'],
                                    transformer=SimpleImputer(strategy='most_frequent'))),
                ('ordinal_encoding',
                 TransformerWrapper(include=['gender'],
                                    transfo...
                                                               mapping=[{'col': 'gender',
                                                                         'data_type': dtype('O'),
                                                                         'mapping': Kobieta      0
Mężczyzna    1
NaN         -1
dtype: int64}]))),
                ('onehot_encoding',
                 TransformerWrapper(include=['age', 'edu_level', 'fav_animals',
                                             'fav_place'],
                                    transformer=OneHotEncoder(cols=['age',
                                                                    'edu_level',
                                                                    'fav_animals',
                                                                    'fav_place'],
                                                              handle_missing='return_nan',
                                                              use_cat_names=True))),
                ('trained_model', KMeans(random_state=123))]), ml_usecase=None)
2025-04-29 15:56:12,687:INFO:Set up data.
2025-04-29 15:56:21,156:INFO:Initializing predict_model()
2025-04-29 15:56:21,156:INFO:predict_model(self=<pycaret.clustering.oop.ClusteringExperiment object at 0x0000025D9779BE10>, estimator=Pipeline(memory=Memory(location=None),
         steps=[('numerical_imputer',
                 TransformerWrapper(include=[], transformer=SimpleImputer())),
                ('categorical_imputer',
                 TransformerWrapper(include=['age', 'edu_level', 'fav_animals',
                                             'fav_place', 'gender'],
                                    transformer=SimpleImputer(strategy='most_frequent'))),
                ('ordinal_encoding',
                 TransformerWrapper(include=['gender'],
                                    transfo...
                                                               mapping=[{'col': 'gender',
                                                                         'data_type': dtype('O'),
                                                                         'mapping': Kobieta      0
Mężczyzna    1
NaN         -1
dtype: int64}]))),
                ('onehot_encoding',
                 TransformerWrapper(include=['age', 'edu_level', 'fav_animals',
                                             'fav_place'],
                                    transformer=OneHotEncoder(cols=['age',
                                                                    'edu_level',
                                                                    'fav_animals',
                                                                    'fav_place'],
                                                              handle_missing='return_nan',
                                                              use_cat_names=True))),
                ('trained_model', KMeans(random_state=123))]), ml_usecase=None)
2025-04-29 15:56:21,156:INFO:Set up data.
2025-04-29 15:56:24,256:INFO:Initializing predict_model()
2025-04-29 15:56:24,256:INFO:predict_model(self=<pycaret.clustering.oop.ClusteringExperiment object at 0x0000025D979C0090>, estimator=Pipeline(memory=Memory(location=None),
         steps=[('numerical_imputer',
                 TransformerWrapper(include=[], transformer=SimpleImputer())),
                ('categorical_imputer',
                 TransformerWrapper(include=['age', 'edu_level', 'fav_animals',
                                             'fav_place', 'gender'],
                                    transformer=SimpleImputer(strategy='most_frequent'))),
                ('ordinal_encoding',
                 TransformerWrapper(include=['gender'],
                                    transfo...
                                                               mapping=[{'col': 'gender',
                                                                         'data_type': dtype('O'),
                                                                         'mapping': Kobieta      0
Mężczyzna    1
NaN         -1
dtype: int64}]))),
                ('onehot_encoding',
                 TransformerWrapper(include=['age', 'edu_level', 'fav_animals',
                                             'fav_place'],
                                    transformer=OneHotEncoder(cols=['age',
                                                                    'edu_level',
                                                                    'fav_animals',
                                                                    'fav_place'],
                                                              handle_missing='return_nan',
                                                              use_cat_names=True))),
                ('trained_model', KMeans(random_state=123))]), ml_usecase=None)
2025-04-29 15:56:24,256:INFO:Set up data.
2025-04-29 15:56:27,831:INFO:Initializing predict_model()
2025-04-29 15:56:27,831:INFO:predict_model(self=<pycaret.clustering.oop.ClusteringExperiment object at 0x0000025D9799E110>, estimator=Pipeline(memory=Memory(location=None),
         steps=[('numerical_imputer',
                 TransformerWrapper(include=[], transformer=SimpleImputer())),
                ('categorical_imputer',
                 TransformerWrapper(include=['age', 'edu_level', 'fav_animals',
                                             'fav_place', 'gender'],
                                    transformer=SimpleImputer(strategy='most_frequent'))),
                ('ordinal_encoding',
                 TransformerWrapper(include=['gender'],
                                    transfo...
                                                               mapping=[{'col': 'gender',
                                                                         'data_type': dtype('O'),
                                                                         'mapping': Kobieta      0
Mężczyzna    1
NaN         -1
dtype: int64}]))),
                ('onehot_encoding',
                 TransformerWrapper(include=['age', 'edu_level', 'fav_animals',
                                             'fav_place'],
                                    transformer=OneHotEncoder(cols=['age',
                                                                    'edu_level',
                                                                    'fav_animals',
                                                                    'fav_place'],
                                                              handle_missing='return_nan',
                                                              use_cat_names=True))),
                ('trained_model', KMeans(random_state=123))]), ml_usecase=None)
2025-04-29 15:56:27,831:INFO:Set up data.
2025-04-29 15:56:29,713:INFO:Initializing predict_model()
2025-04-29 15:56:29,713:INFO:predict_model(self=<pycaret.clustering.oop.ClusteringExperiment object at 0x0000025D9794F410>, estimator=Pipeline(memory=Memory(location=None),
         steps=[('numerical_imputer',
                 TransformerWrapper(include=[], transformer=SimpleImputer())),
                ('categorical_imputer',
                 TransformerWrapper(include=['age', 'edu_level', 'fav_animals',
                                             'fav_place', 'gender'],
                                    transformer=SimpleImputer(strategy='most_frequent'))),
                ('ordinal_encoding',
                 TransformerWrapper(include=['gender'],
                                    transfo...
                                                               mapping=[{'col': 'gender',
                                                                         'data_type': dtype('O'),
                                                                         'mapping': Kobieta      0
Mężczyzna    1
NaN         -1
dtype: int64}]))),
                ('onehot_encoding',
                 TransformerWrapper(include=['age', 'edu_level', 'fav_animals',
                                             'fav_place'],
                                    transformer=OneHotEncoder(cols=['age',
                                                                    'edu_level',
                                                                    'fav_animals',
                                                                    'fav_place'],
                                                              handle_missing='return_nan',
                                                              use_cat_names=True))),
                ('trained_model', KMeans(random_state=123))]), ml_usecase=None)
2025-04-29 15:56:29,713:INFO:Set up data.
2025-04-29 15:56:47,498:INFO:Initializing predict_model()
2025-04-29 15:56:47,498:INFO:predict_model(self=<pycaret.clustering.oop.ClusteringExperiment object at 0x0000025D997DD690>, estimator=Pipeline(memory=Memory(location=None),
         steps=[('numerical_imputer',
                 TransformerWrapper(include=[], transformer=SimpleImputer())),
                ('categorical_imputer',
                 TransformerWrapper(include=['age', 'edu_level', 'fav_animals',
                                             'fav_place', 'gender'],
                                    transformer=SimpleImputer(strategy='most_frequent'))),
                ('ordinal_encoding',
                 TransformerWrapper(include=['gender'],
                                    transfo...
                                                               mapping=[{'col': 'gender',
                                                                         'data_type': dtype('O'),
                                                                         'mapping': Kobieta      0
Mężczyzna    1
NaN         -1
dtype: int64}]))),
                ('onehot_encoding',
                 TransformerWrapper(include=['age', 'edu_level', 'fav_animals',
                                             'fav_place'],
                                    transformer=OneHotEncoder(cols=['age',
                                                                    'edu_level',
                                                                    'fav_animals',
                                                                    'fav_place'],
                                                              handle_missing='return_nan',
                                                              use_cat_names=True))),
                ('trained_model', KMeans(random_state=123))]), ml_usecase=None)
2025-04-29 15:56:47,498:INFO:Set up data.
2025-04-29 15:56:50,231:INFO:Initializing predict_model()
2025-04-29 15:56:50,231:INFO:predict_model(self=<pycaret.clustering.oop.ClusteringExperiment object at 0x0000025D982AAD10>, estimator=Pipeline(memory=Memory(location=None),
         steps=[('numerical_imputer',
                 TransformerWrapper(include=[], transformer=SimpleImputer())),
                ('categorical_imputer',
                 TransformerWrapper(include=['age', 'edu_level', 'fav_animals',
                                             'fav_place', 'gender'],
                                    transformer=SimpleImputer(strategy='most_frequent'))),
                ('ordinal_encoding',
                 TransformerWrapper(include=['gender'],
                                    transfo...
                                                               mapping=[{'col': 'gender',
                                                                         'data_type': dtype('O'),
                                                                         'mapping': Kobieta      0
Mężczyzna    1
NaN         -1
dtype: int64}]))),
                ('onehot_encoding',
                 TransformerWrapper(include=['age', 'edu_level', 'fav_animals',
                                             'fav_place'],
                                    transformer=OneHotEncoder(cols=['age',
                                                                    'edu_level',
                                                                    'fav_animals',
                                                                    'fav_place'],
                                                              handle_missing='return_nan',
                                                              use_cat_names=True))),
                ('trained_model', KMeans(random_state=123))]), ml_usecase=None)
2025-04-29 15:56:50,233:INFO:Set up data.
2025-04-29 15:56:54,094:INFO:Initializing predict_model()
2025-04-29 15:56:54,094:INFO:predict_model(self=<pycaret.clustering.oop.ClusteringExperiment object at 0x0000025D98569DD0>, estimator=Pipeline(memory=Memory(location=None),
         steps=[('numerical_imputer',
                 TransformerWrapper(include=[], transformer=SimpleImputer())),
                ('categorical_imputer',
                 TransformerWrapper(include=['age', 'edu_level', 'fav_animals',
                                             'fav_place', 'gender'],
                                    transformer=SimpleImputer(strategy='most_frequent'))),
                ('ordinal_encoding',
                 TransformerWrapper(include=['gender'],
                                    transfo...
                                                               mapping=[{'col': 'gender',
                                                                         'data_type': dtype('O'),
                                                                         'mapping': Kobieta      0
Mężczyzna    1
NaN         -1
dtype: int64}]))),
                ('onehot_encoding',
                 TransformerWrapper(include=['age', 'edu_level', 'fav_animals',
                                             'fav_place'],
                                    transformer=OneHotEncoder(cols=['age',
                                                                    'edu_level',
                                                                    'fav_animals',
                                                                    'fav_place'],
                                                              handle_missing='return_nan',
                                                              use_cat_names=True))),
                ('trained_model', KMeans(random_state=123))]), ml_usecase=None)
2025-04-29 15:56:54,094:INFO:Set up data.
2025-04-29 15:56:57,041:INFO:Initializing predict_model()
2025-04-29 15:56:57,043:INFO:predict_model(self=<pycaret.clustering.oop.ClusteringExperiment object at 0x0000025D9839A950>, estimator=Pipeline(memory=Memory(location=None),
         steps=[('numerical_imputer',
                 TransformerWrapper(include=[], transformer=SimpleImputer())),
                ('categorical_imputer',
                 TransformerWrapper(include=['age', 'edu_level', 'fav_animals',
                                             'fav_place', 'gender'],
                                    transformer=SimpleImputer(strategy='most_frequent'))),
                ('ordinal_encoding',
                 TransformerWrapper(include=['gender'],
                                    transfo...
                                                               mapping=[{'col': 'gender',
                                                                         'data_type': dtype('O'),
                                                                         'mapping': Kobieta      0
Mężczyzna    1
NaN         -1
dtype: int64}]))),
                ('onehot_encoding',
                 TransformerWrapper(include=['age', 'edu_level', 'fav_animals',
                                             'fav_place'],
                                    transformer=OneHotEncoder(cols=['age',
                                                                    'edu_level',
                                                                    'fav_animals',
                                                                    'fav_place'],
                                                              handle_missing='return_nan',
                                                              use_cat_names=True))),
                ('trained_model', KMeans(random_state=123))]), ml_usecase=None)
2025-04-29 15:56:57,043:INFO:Set up data.
2025-04-29 16:30:49,925:WARNING:
'cuml' is a soft dependency and not included in the pycaret installation. Please run: `pip install cuml` to install.
2025-04-29 16:30:49,926:WARNING:
'cuml' is a soft dependency and not included in the pycaret installation. Please run: `pip install cuml` to install.
2025-04-29 16:30:49,926:WARNING:
'cuml' is a soft dependency and not included in the pycaret installation. Please run: `pip install cuml` to install.
2025-04-29 16:30:49,926:WARNING:
'cuml' is a soft dependency and not included in the pycaret installation. Please run: `pip install cuml` to install.
2025-04-29 16:30:51,895:INFO:Initializing load_model()
2025-04-29 16:30:51,895:INFO:load_model(model_name=welcome_survey_clustering_pipeline_v1, platform=None, authentication=None, verbose=True)
2025-04-29 16:30:52,045:INFO:Initializing predict_model()
2025-04-29 16:30:52,045:INFO:predict_model(self=<pycaret.clustering.oop.ClusteringExperiment object at 0x00000186D223FE10>, estimator=Pipeline(memory=Memory(location=None),
         steps=[('numerical_imputer',
                 TransformerWrapper(include=[], transformer=SimpleImputer())),
                ('categorical_imputer',
                 TransformerWrapper(include=['age', 'edu_level', 'fav_animals',
                                             'fav_place', 'gender'],
                                    transformer=SimpleImputer(strategy='most_frequent'))),
                ('ordinal_encoding',
                 TransformerWrapper(include=['gender'],
                                    transfo...
                                                               mapping=[{'col': 'gender',
                                                                         'data_type': dtype('O'),
                                                                         'mapping': Kobieta      0
Mężczyzna    1
NaN         -1
dtype: int64}]))),
                ('onehot_encoding',
                 TransformerWrapper(include=['age', 'edu_level', 'fav_animals',
                                             'fav_place'],
                                    transformer=OneHotEncoder(cols=['age',
                                                                    'edu_level',
                                                                    'fav_animals',
                                                                    'fav_place'],
                                                              handle_missing='return_nan',
                                                              use_cat_names=True))),
                ('trained_model', KMeans(random_state=123))]), ml_usecase=None)
2025-04-29 16:30:52,045:INFO:Set up data.
2025-04-29 16:30:52,248:INFO:Initializing predict_model()
2025-04-29 16:30:52,249:INFO:predict_model(self=<pycaret.clustering.oop.ClusteringExperiment object at 0x00000186D270E450>, estimator=Pipeline(memory=Memory(location=None),
         steps=[('numerical_imputer',
                 TransformerWrapper(include=[], transformer=SimpleImputer())),
                ('categorical_imputer',
                 TransformerWrapper(include=['age', 'edu_level', 'fav_animals',
                                             'fav_place', 'gender'],
                                    transformer=SimpleImputer(strategy='most_frequent'))),
                ('ordinal_encoding',
                 TransformerWrapper(include=['gender'],
                                    transfo...
                                                               mapping=[{'col': 'gender',
                                                                         'data_type': dtype('O'),
                                                                         'mapping': Kobieta      0
Mężczyzna    1
NaN         -1
dtype: int64}]))),
                ('onehot_encoding',
                 TransformerWrapper(include=['age', 'edu_level', 'fav_animals',
                                             'fav_place'],
                                    transformer=OneHotEncoder(cols=['age',
                                                                    'edu_level',
                                                                    'fav_animals',
                                                                    'fav_place'],
                                                              handle_missing='return_nan',
                                                              use_cat_names=True))),
                ('trained_model', KMeans(random_state=123))]), ml_usecase=None)
2025-04-29 16:30:52,249:INFO:Set up data.
2025-04-29 19:49:05,165:INFO:Initializing load_model()
2025-04-29 19:49:05,165:INFO:load_model(model_name=welcome_survey_clustering_pipeline_v1, platform=None, authentication=None, verbose=True)
2025-04-29 19:49:05,225:INFO:Initializing predict_model()
2025-04-29 19:49:05,225:INFO:predict_model(self=<pycaret.clustering.oop.ClusteringExperiment object at 0x00000186D32E7690>, estimator=Pipeline(memory=Memory(location=None),
         steps=[('numerical_imputer',
                 TransformerWrapper(include=[], transformer=SimpleImputer())),
                ('categorical_imputer',
                 TransformerWrapper(include=['age', 'edu_level', 'fav_animals',
                                             'fav_place', 'gender'],
                                    transformer=SimpleImputer(strategy='most_frequent'))),
                ('ordinal_encoding',
                 TransformerWrapper(include=['gender'],
                                    transfo...
                                                               mapping=[{'col': 'gender',
                                                                         'data_type': dtype('O'),
                                                                         'mapping': Kobieta      0
Mężczyzna    1
NaN         -1
dtype: int64}]))),
                ('onehot_encoding',
                 TransformerWrapper(include=['age', 'edu_level', 'fav_animals',
                                             'fav_place'],
                                    transformer=OneHotEncoder(cols=['age',
                                                                    'edu_level',
                                                                    'fav_animals',
                                                                    'fav_place'],
                                                              handle_missing='return_nan',
                                                              use_cat_names=True))),
                ('trained_model', KMeans(random_state=123))]), ml_usecase=None)
2025-04-29 19:49:05,225:INFO:Set up data.
2025-04-29 19:49:05,293:INFO:Initializing predict_model()
2025-04-29 19:49:05,293:INFO:predict_model(self=<pycaret.clustering.oop.ClusteringExperiment object at 0x00000186D3053550>, estimator=Pipeline(memory=Memory(location=None),
         steps=[('numerical_imputer',
                 TransformerWrapper(include=[], transformer=SimpleImputer())),
                ('categorical_imputer',
                 TransformerWrapper(include=['age', 'edu_level', 'fav_animals',
                                             'fav_place', 'gender'],
                                    transformer=SimpleImputer(strategy='most_frequent'))),
                ('ordinal_encoding',
                 TransformerWrapper(include=['gender'],
                                    transfo...
                                                               mapping=[{'col': 'gender',
                                                                         'data_type': dtype('O'),
                                                                         'mapping': Kobieta      0
Mężczyzna    1
NaN         -1
dtype: int64}]))),
                ('onehot_encoding',
                 TransformerWrapper(include=['age', 'edu_level', 'fav_animals',
                                             'fav_place'],
                                    transformer=OneHotEncoder(cols=['age',
                                                                    'edu_level',
                                                                    'fav_animals',
                                                                    'fav_place'],
                                                              handle_missing='return_nan',
                                                              use_cat_names=True))),
                ('trained_model', KMeans(random_state=123))]), ml_usecase=None)
2025-04-29 19:49:05,293:INFO:Set up data.
2025-04-29 19:49:21,006:INFO:Initializing predict_model()
2025-04-29 19:49:21,006:INFO:predict_model(self=<pycaret.clustering.oop.ClusteringExperiment object at 0x00000186C7F57A90>, estimator=Pipeline(memory=Memory(location=None),
         steps=[('numerical_imputer',
                 TransformerWrapper(include=[], transformer=SimpleImputer())),
                ('categorical_imputer',
                 TransformerWrapper(include=['age', 'edu_level', 'fav_animals',
                                             'fav_place', 'gender'],
                                    transformer=SimpleImputer(strategy='most_frequent'))),
                ('ordinal_encoding',
                 TransformerWrapper(include=['gender'],
                                    transfo...
                                                               mapping=[{'col': 'gender',
                                                                         'data_type': dtype('O'),
                                                                         'mapping': Kobieta      0
Mężczyzna    1
NaN         -1
dtype: int64}]))),
                ('onehot_encoding',
                 TransformerWrapper(include=['age', 'edu_level', 'fav_animals',
                                             'fav_place'],
                                    transformer=OneHotEncoder(cols=['age',
                                                                    'edu_level',
                                                                    'fav_animals',
                                                                    'fav_place'],
                                                              handle_missing='return_nan',
                                                              use_cat_names=True))),
                ('trained_model', KMeans(random_state=123))]), ml_usecase=None)
2025-04-29 19:49:21,006:INFO:Set up data.
2025-04-29 19:49:23,689:INFO:Initializing predict_model()
2025-04-29 19:49:23,689:INFO:predict_model(self=<pycaret.clustering.oop.ClusteringExperiment object at 0x00000186C810A790>, estimator=Pipeline(memory=Memory(location=None),
         steps=[('numerical_imputer',
                 TransformerWrapper(include=[], transformer=SimpleImputer())),
                ('categorical_imputer',
                 TransformerWrapper(include=['age', 'edu_level', 'fav_animals',
                                             'fav_place', 'gender'],
                                    transformer=SimpleImputer(strategy='most_frequent'))),
                ('ordinal_encoding',
                 TransformerWrapper(include=['gender'],
                                    transfo...
                                                               mapping=[{'col': 'gender',
                                                                         'data_type': dtype('O'),
                                                                         'mapping': Kobieta      0
Mężczyzna    1
NaN         -1
dtype: int64}]))),
                ('onehot_encoding',
                 TransformerWrapper(include=['age', 'edu_level', 'fav_animals',
                                             'fav_place'],
                                    transformer=OneHotEncoder(cols=['age',
                                                                    'edu_level',
                                                                    'fav_animals',
                                                                    'fav_place'],
                                                              handle_missing='return_nan',
                                                              use_cat_names=True))),
                ('trained_model', KMeans(random_state=123))]), ml_usecase=None)
2025-04-29 19:49:23,689:INFO:Set up data.
2025-04-29 19:49:27,172:INFO:Initializing predict_model()
2025-04-29 19:49:27,172:INFO:predict_model(self=<pycaret.clustering.oop.ClusteringExperiment object at 0x00000186D3351590>, estimator=Pipeline(memory=Memory(location=None),
         steps=[('numerical_imputer',
                 TransformerWrapper(include=[], transformer=SimpleImputer())),
                ('categorical_imputer',
                 TransformerWrapper(include=['age', 'edu_level', 'fav_animals',
                                             'fav_place', 'gender'],
                                    transformer=SimpleImputer(strategy='most_frequent'))),
                ('ordinal_encoding',
                 TransformerWrapper(include=['gender'],
                                    transfo...
                                                               mapping=[{'col': 'gender',
                                                                         'data_type': dtype('O'),
                                                                         'mapping': Kobieta      0
Mężczyzna    1
NaN         -1
dtype: int64}]))),
                ('onehot_encoding',
                 TransformerWrapper(include=['age', 'edu_level', 'fav_animals',
                                             'fav_place'],
                                    transformer=OneHotEncoder(cols=['age',
                                                                    'edu_level',
                                                                    'fav_animals',
                                                                    'fav_place'],
                                                              handle_missing='return_nan',
                                                              use_cat_names=True))),
                ('trained_model', KMeans(random_state=123))]), ml_usecase=None)
2025-04-29 19:49:27,172:INFO:Set up data.
2025-04-29 19:50:59,969:INFO:Initializing predict_model()
2025-04-29 19:50:59,969:INFO:predict_model(self=<pycaret.clustering.oop.ClusteringExperiment object at 0x00000186D33103D0>, estimator=Pipeline(memory=Memory(location=None),
         steps=[('numerical_imputer',
                 TransformerWrapper(include=[], transformer=SimpleImputer())),
                ('categorical_imputer',
                 TransformerWrapper(include=['age', 'edu_level', 'fav_animals',
                                             'fav_place', 'gender'],
                                    transformer=SimpleImputer(strategy='most_frequent'))),
                ('ordinal_encoding',
                 TransformerWrapper(include=['gender'],
                                    transfo...
                                                               mapping=[{'col': 'gender',
                                                                         'data_type': dtype('O'),
                                                                         'mapping': Kobieta      0
Mężczyzna    1
NaN         -1
dtype: int64}]))),
                ('onehot_encoding',
                 TransformerWrapper(include=['age', 'edu_level', 'fav_animals',
                                             'fav_place'],
                                    transformer=OneHotEncoder(cols=['age',
                                                                    'edu_level',
                                                                    'fav_animals',
                                                                    'fav_place'],
                                                              handle_missing='return_nan',
                                                              use_cat_names=True))),
                ('trained_model', KMeans(random_state=123))]), ml_usecase=None)
2025-04-29 19:50:59,970:INFO:Set up data.
2025-04-29 19:51:13,671:INFO:Initializing predict_model()
2025-04-29 19:51:13,671:INFO:predict_model(self=<pycaret.clustering.oop.ClusteringExperiment object at 0x00000186C45FCF50>, estimator=Pipeline(memory=Memory(location=None),
         steps=[('numerical_imputer',
                 TransformerWrapper(include=[], transformer=SimpleImputer())),
                ('categorical_imputer',
                 TransformerWrapper(include=['age', 'edu_level', 'fav_animals',
                                             'fav_place', 'gender'],
                                    transformer=SimpleImputer(strategy='most_frequent'))),
                ('ordinal_encoding',
                 TransformerWrapper(include=['gender'],
                                    transfo...
                                                               mapping=[{'col': 'gender',
                                                                         'data_type': dtype('O'),
                                                                         'mapping': Kobieta      0
Mężczyzna    1
NaN         -1
dtype: int64}]))),
                ('onehot_encoding',
                 TransformerWrapper(include=['age', 'edu_level', 'fav_animals',
                                             'fav_place'],
                                    transformer=OneHotEncoder(cols=['age',
                                                                    'edu_level',
                                                                    'fav_animals',
                                                                    'fav_place'],
                                                              handle_missing='return_nan',
                                                              use_cat_names=True))),
                ('trained_model', KMeans(random_state=123))]), ml_usecase=None)
2025-04-29 19:51:13,671:INFO:Set up data.
2025-04-29 19:51:19,469:INFO:Initializing predict_model()
2025-04-29 19:51:19,470:INFO:predict_model(self=<pycaret.clustering.oop.ClusteringExperiment object at 0x00000186D253E790>, estimator=Pipeline(memory=Memory(location=None),
         steps=[('numerical_imputer',
                 TransformerWrapper(include=[], transformer=SimpleImputer())),
                ('categorical_imputer',
                 TransformerWrapper(include=['age', 'edu_level', 'fav_animals',
                                             'fav_place', 'gender'],
                                    transformer=SimpleImputer(strategy='most_frequent'))),
                ('ordinal_encoding',
                 TransformerWrapper(include=['gender'],
                                    transfo...
                                                               mapping=[{'col': 'gender',
                                                                         'data_type': dtype('O'),
                                                                         'mapping': Kobieta      0
Mężczyzna    1
NaN         -1
dtype: int64}]))),
                ('onehot_encoding',
                 TransformerWrapper(include=['age', 'edu_level', 'fav_animals',
                                             'fav_place'],
                                    transformer=OneHotEncoder(cols=['age',
                                                                    'edu_level',
                                                                    'fav_animals',
                                                                    'fav_place'],
                                                              handle_missing='return_nan',
                                                              use_cat_names=True))),
                ('trained_model', KMeans(random_state=123))]), ml_usecase=None)
2025-04-29 19:51:19,470:INFO:Set up data.
2025-04-29 19:55:37,217:INFO:Initializing predict_model()
2025-04-29 19:55:37,217:INFO:predict_model(self=<pycaret.clustering.oop.ClusteringExperiment object at 0x00000186D4579910>, estimator=Pipeline(memory=Memory(location=None),
         steps=[('numerical_imputer',
                 TransformerWrapper(include=[], transformer=SimpleImputer())),
                ('categorical_imputer',
                 TransformerWrapper(include=['age', 'edu_level', 'fav_animals',
                                             'fav_place', 'gender'],
                                    transformer=SimpleImputer(strategy='most_frequent'))),
                ('ordinal_encoding',
                 TransformerWrapper(include=['gender'],
                                    transfo...
                                                               mapping=[{'col': 'gender',
                                                                         'data_type': dtype('O'),
                                                                         'mapping': Kobieta      0
Mężczyzna    1
NaN         -1
dtype: int64}]))),
                ('onehot_encoding',
                 TransformerWrapper(include=['age', 'edu_level', 'fav_animals',
                                             'fav_place'],
                                    transformer=OneHotEncoder(cols=['age',
                                                                    'edu_level',
                                                                    'fav_animals',
                                                                    'fav_place'],
                                                              handle_missing='return_nan',
                                                              use_cat_names=True))),
                ('trained_model', KMeans(random_state=123))]), ml_usecase=None)
2025-04-29 19:55:37,217:INFO:Set up data.
2025-04-29 19:55:43,754:INFO:Initializing predict_model()
2025-04-29 19:55:43,754:INFO:predict_model(self=<pycaret.clustering.oop.ClusteringExperiment object at 0x00000186D32D28D0>, estimator=Pipeline(memory=Memory(location=None),
         steps=[('numerical_imputer',
                 TransformerWrapper(include=[], transformer=SimpleImputer())),
                ('categorical_imputer',
                 TransformerWrapper(include=['age', 'edu_level', 'fav_animals',
                                             'fav_place', 'gender'],
                                    transformer=SimpleImputer(strategy='most_frequent'))),
                ('ordinal_encoding',
                 TransformerWrapper(include=['gender'],
                                    transfo...
                                                               mapping=[{'col': 'gender',
                                                                         'data_type': dtype('O'),
                                                                         'mapping': Kobieta      0
Mężczyzna    1
NaN         -1
dtype: int64}]))),
                ('onehot_encoding',
                 TransformerWrapper(include=['age', 'edu_level', 'fav_animals',
                                             'fav_place'],
                                    transformer=OneHotEncoder(cols=['age',
                                                                    'edu_level',
                                                                    'fav_animals',
                                                                    'fav_place'],
                                                              handle_missing='return_nan',
                                                              use_cat_names=True))),
                ('trained_model', KMeans(random_state=123))]), ml_usecase=None)
2025-04-29 19:55:43,754:INFO:Set up data.
2025-04-29 19:55:45,740:INFO:Initializing predict_model()
2025-04-29 19:55:45,740:INFO:predict_model(self=<pycaret.clustering.oop.ClusteringExperiment object at 0x00000186D32F1D50>, estimator=Pipeline(memory=Memory(location=None),
         steps=[('numerical_imputer',
                 TransformerWrapper(include=[], transformer=SimpleImputer())),
                ('categorical_imputer',
                 TransformerWrapper(include=['age', 'edu_level', 'fav_animals',
                                             'fav_place', 'gender'],
                                    transformer=SimpleImputer(strategy='most_frequent'))),
                ('ordinal_encoding',
                 TransformerWrapper(include=['gender'],
                                    transfo...
                                                               mapping=[{'col': 'gender',
                                                                         'data_type': dtype('O'),
                                                                         'mapping': Kobieta      0
Mężczyzna    1
NaN         -1
dtype: int64}]))),
                ('onehot_encoding',
                 TransformerWrapper(include=['age', 'edu_level', 'fav_animals',
                                             'fav_place'],
                                    transformer=OneHotEncoder(cols=['age',
                                                                    'edu_level',
                                                                    'fav_animals',
                                                                    'fav_place'],
                                                              handle_missing='return_nan',
                                                              use_cat_names=True))),
                ('trained_model', KMeans(random_state=123))]), ml_usecase=None)
2025-04-29 19:55:45,740:INFO:Set up data.
2025-04-29 19:55:50,223:INFO:Initializing predict_model()
2025-04-29 19:55:50,223:INFO:predict_model(self=<pycaret.clustering.oop.ClusteringExperiment object at 0x00000186D2304C90>, estimator=Pipeline(memory=Memory(location=None),
         steps=[('numerical_imputer',
                 TransformerWrapper(include=[], transformer=SimpleImputer())),
                ('categorical_imputer',
                 TransformerWrapper(include=['age', 'edu_level', 'fav_animals',
                                             'fav_place', 'gender'],
                                    transformer=SimpleImputer(strategy='most_frequent'))),
                ('ordinal_encoding',
                 TransformerWrapper(include=['gender'],
                                    transfo...
                                                               mapping=[{'col': 'gender',
                                                                         'data_type': dtype('O'),
                                                                         'mapping': Kobieta      0
Mężczyzna    1
NaN         -1
dtype: int64}]))),
                ('onehot_encoding',
                 TransformerWrapper(include=['age', 'edu_level', 'fav_animals',
                                             'fav_place'],
                                    transformer=OneHotEncoder(cols=['age',
                                                                    'edu_level',
                                                                    'fav_animals',
                                                                    'fav_place'],
                                                              handle_missing='return_nan',
                                                              use_cat_names=True))),
                ('trained_model', KMeans(random_state=123))]), ml_usecase=None)
2025-04-29 19:55:50,223:INFO:Set up data.
2025-04-29 19:55:53,675:INFO:Initializing predict_model()
2025-04-29 19:55:53,675:INFO:predict_model(self=<pycaret.clustering.oop.ClusteringExperiment object at 0x00000186C69F2050>, estimator=Pipeline(memory=Memory(location=None),
         steps=[('numerical_imputer',
                 TransformerWrapper(include=[], transformer=SimpleImputer())),
                ('categorical_imputer',
                 TransformerWrapper(include=['age', 'edu_level', 'fav_animals',
                                             'fav_place', 'gender'],
                                    transformer=SimpleImputer(strategy='most_frequent'))),
                ('ordinal_encoding',
                 TransformerWrapper(include=['gender'],
                                    transfo...
                                                               mapping=[{'col': 'gender',
                                                                         'data_type': dtype('O'),
                                                                         'mapping': Kobieta      0
Mężczyzna    1
NaN         -1
dtype: int64}]))),
                ('onehot_encoding',
                 TransformerWrapper(include=['age', 'edu_level', 'fav_animals',
                                             'fav_place'],
                                    transformer=OneHotEncoder(cols=['age',
                                                                    'edu_level',
                                                                    'fav_animals',
                                                                    'fav_place'],
                                                              handle_missing='return_nan',
                                                              use_cat_names=True))),
                ('trained_model', KMeans(random_state=123))]), ml_usecase=None)
2025-04-29 19:55:53,676:INFO:Set up data.
2025-04-29 21:20:50,754:WARNING:
'cuml' is a soft dependency and not included in the pycaret installation. Please run: `pip install cuml` to install.
2025-04-29 21:20:50,754:WARNING:
'cuml' is a soft dependency and not included in the pycaret installation. Please run: `pip install cuml` to install.
2025-04-29 21:20:50,754:WARNING:
'cuml' is a soft dependency and not included in the pycaret installation. Please run: `pip install cuml` to install.
2025-04-29 21:20:50,754:WARNING:
'cuml' is a soft dependency and not included in the pycaret installation. Please run: `pip install cuml` to install.
2025-04-29 21:20:52,489:INFO:Initializing load_model()
2025-04-29 21:20:52,489:INFO:load_model(model_name=welcome_survey_clustering_pipeline_v2, platform=None, authentication=None, verbose=True)
2025-04-29 21:20:52,596:INFO:Initializing predict_model()
2025-04-29 21:20:52,596:INFO:predict_model(self=<pycaret.clustering.oop.ClusteringExperiment object at 0x0000026E06E30210>, estimator=Pipeline(memory=Memory(location=None),
         steps=[('numerical_imputer',
                 TransformerWrapper(include=[], transformer=SimpleImputer())),
                ('categorical_imputer',
                 TransformerWrapper(include=['age', 'edu_level', 'fav_animals',
                                             'fav_place', 'gender'],
                                    transformer=SimpleImputer(strategy='most_frequent'))),
                ('ordinal_encoding',
                 TransformerWrapper(include=['gender'],
                                    transfo...
                                                               mapping=[{'col': 'gender',
                                                                         'data_type': dtype('O'),
                                                                         'mapping': Kobieta      0
Mężczyzna    1
NaN         -1
dtype: int64}]))),
                ('onehot_encoding',
                 TransformerWrapper(include=['age', 'edu_level', 'fav_animals',
                                             'fav_place'],
                                    transformer=OneHotEncoder(cols=['age',
                                                                    'edu_level',
                                                                    'fav_animals',
                                                                    'fav_place'],
                                                              handle_missing='return_nan',
                                                              use_cat_names=True))),
                ('trained_model', KMeans(random_state=123))]), ml_usecase=None)
2025-04-29 21:20:52,596:INFO:Set up data.
2025-04-29 21:27:18,501:WARNING:
'cuml' is a soft dependency and not included in the pycaret installation. Please run: `pip install cuml` to install.
2025-04-29 21:27:18,502:WARNING:
'cuml' is a soft dependency and not included in the pycaret installation. Please run: `pip install cuml` to install.
2025-04-29 21:27:18,502:WARNING:
'cuml' is a soft dependency and not included in the pycaret installation. Please run: `pip install cuml` to install.
2025-04-29 21:27:18,502:WARNING:
'cuml' is a soft dependency and not included in the pycaret installation. Please run: `pip install cuml` to install.
2025-04-29 21:27:20,263:INFO:Initializing load_model()
2025-04-29 21:27:20,263:INFO:load_model(model_name=welcome_survey_clustering_pipeline_v2, platform=None, authentication=None, verbose=True)
2025-04-29 21:28:53,433:INFO:Initializing load_model()
2025-04-29 21:28:53,434:INFO:load_model(model_name=welcome_survey_clustering_pipeline_v2, platform=None, authentication=None, verbose=True)
2025-04-29 21:28:53,547:INFO:Initializing predict_model()
2025-04-29 21:28:53,547:INFO:predict_model(self=<pycaret.clustering.oop.ClusteringExperiment object at 0x000001A6516910D0>, estimator=Pipeline(memory=Memory(location=None),
         steps=[('numerical_imputer',
                 TransformerWrapper(include=[], transformer=SimpleImputer())),
                ('categorical_imputer',
                 TransformerWrapper(include=['age', 'edu_level', 'fav_animals',
                                             'fav_place', 'gender'],
                                    transformer=SimpleImputer(strategy='most_frequent'))),
                ('ordinal_encoding',
                 TransformerWrapper(include=['gender'],
                                    transfo...
                                                               mapping=[{'col': 'gender',
                                                                         'data_type': dtype('O'),
                                                                         'mapping': Kobieta      0
Mężczyzna    1
NaN         -1
dtype: int64}]))),
                ('onehot_encoding',
                 TransformerWrapper(include=['age', 'edu_level', 'fav_animals',
                                             'fav_place'],
                                    transformer=OneHotEncoder(cols=['age',
                                                                    'edu_level',
                                                                    'fav_animals',
                                                                    'fav_place'],
                                                              handle_missing='return_nan',
                                                              use_cat_names=True))),
                ('trained_model', KMeans(random_state=123))]), ml_usecase=None)
2025-04-29 21:28:53,547:INFO:Set up data.
2025-04-29 21:28:53,751:INFO:Initializing predict_model()
2025-04-29 21:28:53,752:INFO:predict_model(self=<pycaret.clustering.oop.ClusteringExperiment object at 0x000001A646DF7150>, estimator=Pipeline(memory=Memory(location=None),
         steps=[('numerical_imputer',
                 TransformerWrapper(include=[], transformer=SimpleImputer())),
                ('categorical_imputer',
                 TransformerWrapper(include=['age', 'edu_level', 'fav_animals',
                                             'fav_place', 'gender'],
                                    transformer=SimpleImputer(strategy='most_frequent'))),
                ('ordinal_encoding',
                 TransformerWrapper(include=['gender'],
                                    transfo...
                                                               mapping=[{'col': 'gender',
                                                                         'data_type': dtype('O'),
                                                                         'mapping': Kobieta      0
Mężczyzna    1
NaN         -1
dtype: int64}]))),
                ('onehot_encoding',
                 TransformerWrapper(include=['age', 'edu_level', 'fav_animals',
                                             'fav_place'],
                                    transformer=OneHotEncoder(cols=['age',
                                                                    'edu_level',
                                                                    'fav_animals',
                                                                    'fav_place'],
                                                              handle_missing='return_nan',
                                                              use_cat_names=True))),
                ('trained_model', KMeans(random_state=123))]), ml_usecase=None)
2025-04-29 21:28:53,752:INFO:Set up data.
2025-04-29 21:28:58,023:INFO:Initializing predict_model()
2025-04-29 21:28:58,023:INFO:predict_model(self=<pycaret.clustering.oop.ClusteringExperiment object at 0x000001A65163B910>, estimator=Pipeline(memory=Memory(location=None),
         steps=[('numerical_imputer',
                 TransformerWrapper(include=[], transformer=SimpleImputer())),
                ('categorical_imputer',
                 TransformerWrapper(include=['age', 'edu_level', 'fav_animals',
                                             'fav_place', 'gender'],
                                    transformer=SimpleImputer(strategy='most_frequent'))),
                ('ordinal_encoding',
                 TransformerWrapper(include=['gender'],
                                    transfo...
                                                               mapping=[{'col': 'gender',
                                                                         'data_type': dtype('O'),
                                                                         'mapping': Kobieta      0
Mężczyzna    1
NaN         -1
dtype: int64}]))),
                ('onehot_encoding',
                 TransformerWrapper(include=['age', 'edu_level', 'fav_animals',
                                             'fav_place'],
                                    transformer=OneHotEncoder(cols=['age',
                                                                    'edu_level',
                                                                    'fav_animals',
                                                                    'fav_place'],
                                                              handle_missing='return_nan',
                                                              use_cat_names=True))),
                ('trained_model', KMeans(random_state=123))]), ml_usecase=None)
2025-04-29 21:28:58,023:INFO:Set up data.
2025-04-29 21:29:14,509:INFO:Initializing predict_model()
2025-04-29 21:29:14,509:INFO:predict_model(self=<pycaret.clustering.oop.ClusteringExperiment object at 0x000001A652142210>, estimator=Pipeline(memory=Memory(location=None),
         steps=[('numerical_imputer',
                 TransformerWrapper(include=[], transformer=SimpleImputer())),
                ('categorical_imputer',
                 TransformerWrapper(include=['age', 'edu_level', 'fav_animals',
                                             'fav_place', 'gender'],
                                    transformer=SimpleImputer(strategy='most_frequent'))),
                ('ordinal_encoding',
                 TransformerWrapper(include=['gender'],
                                    transfo...
                                                               mapping=[{'col': 'gender',
                                                                         'data_type': dtype('O'),
                                                                         'mapping': Kobieta      0
Mężczyzna    1
NaN         -1
dtype: int64}]))),
                ('onehot_encoding',
                 TransformerWrapper(include=['age', 'edu_level', 'fav_animals',
                                             'fav_place'],
                                    transformer=OneHotEncoder(cols=['age',
                                                                    'edu_level',
                                                                    'fav_animals',
                                                                    'fav_place'],
                                                              handle_missing='return_nan',
                                                              use_cat_names=True))),
                ('trained_model', KMeans(random_state=123))]), ml_usecase=None)
2025-04-29 21:29:14,509:INFO:Set up data.
2025-04-29 21:29:17,946:INFO:Initializing predict_model()
2025-04-29 21:29:17,947:INFO:predict_model(self=<pycaret.clustering.oop.ClusteringExperiment object at 0x000001A65324D690>, estimator=Pipeline(memory=Memory(location=None),
         steps=[('numerical_imputer',
                 TransformerWrapper(include=[], transformer=SimpleImputer())),
                ('categorical_imputer',
                 TransformerWrapper(include=['age', 'edu_level', 'fav_animals',
                                             'fav_place', 'gender'],
                                    transformer=SimpleImputer(strategy='most_frequent'))),
                ('ordinal_encoding',
                 TransformerWrapper(include=['gender'],
                                    transfo...
                                                               mapping=[{'col': 'gender',
                                                                         'data_type': dtype('O'),
                                                                         'mapping': Kobieta      0
Mężczyzna    1
NaN         -1
dtype: int64}]))),
                ('onehot_encoding',
                 TransformerWrapper(include=['age', 'edu_level', 'fav_animals',
                                             'fav_place'],
                                    transformer=OneHotEncoder(cols=['age',
                                                                    'edu_level',
                                                                    'fav_animals',
                                                                    'fav_place'],
                                                              handle_missing='return_nan',
                                                              use_cat_names=True))),
                ('trained_model', KMeans(random_state=123))]), ml_usecase=None)
2025-04-29 21:29:17,947:INFO:Set up data.
2025-04-29 21:29:23,002:INFO:Initializing predict_model()
2025-04-29 21:29:23,002:INFO:predict_model(self=<pycaret.clustering.oop.ClusteringExperiment object at 0x000001A6532BF150>, estimator=Pipeline(memory=Memory(location=None),
         steps=[('numerical_imputer',
                 TransformerWrapper(include=[], transformer=SimpleImputer())),
                ('categorical_imputer',
                 TransformerWrapper(include=['age', 'edu_level', 'fav_animals',
                                             'fav_place', 'gender'],
                                    transformer=SimpleImputer(strategy='most_frequent'))),
                ('ordinal_encoding',
                 TransformerWrapper(include=['gender'],
                                    transfo...
                                                               mapping=[{'col': 'gender',
                                                                         'data_type': dtype('O'),
                                                                         'mapping': Kobieta      0
Mężczyzna    1
NaN         -1
dtype: int64}]))),
                ('onehot_encoding',
                 TransformerWrapper(include=['age', 'edu_level', 'fav_animals',
                                             'fav_place'],
                                    transformer=OneHotEncoder(cols=['age',
                                                                    'edu_level',
                                                                    'fav_animals',
                                                                    'fav_place'],
                                                              handle_missing='return_nan',
                                                              use_cat_names=True))),
                ('trained_model', KMeans(random_state=123))]), ml_usecase=None)
2025-04-29 21:29:23,002:INFO:Set up data.
2025-04-29 21:29:27,886:INFO:Initializing predict_model()
2025-04-29 21:29:27,886:INFO:predict_model(self=<pycaret.clustering.oop.ClusteringExperiment object at 0x000001A65201C510>, estimator=Pipeline(memory=Memory(location=None),
         steps=[('numerical_imputer',
                 TransformerWrapper(include=[], transformer=SimpleImputer())),
                ('categorical_imputer',
                 TransformerWrapper(include=['age', 'edu_level', 'fav_animals',
                                             'fav_place', 'gender'],
                                    transformer=SimpleImputer(strategy='most_frequent'))),
                ('ordinal_encoding',
                 TransformerWrapper(include=['gender'],
                                    transfo...
                                                               mapping=[{'col': 'gender',
                                                                         'data_type': dtype('O'),
                                                                         'mapping': Kobieta      0
Mężczyzna    1
NaN         -1
dtype: int64}]))),
                ('onehot_encoding',
                 TransformerWrapper(include=['age', 'edu_level', 'fav_animals',
                                             'fav_place'],
                                    transformer=OneHotEncoder(cols=['age',
                                                                    'edu_level',
                                                                    'fav_animals',
                                                                    'fav_place'],
                                                              handle_missing='return_nan',
                                                              use_cat_names=True))),
                ('trained_model', KMeans(random_state=123))]), ml_usecase=None)
2025-04-29 21:29:27,886:INFO:Set up data.
2025-04-29 21:29:54,272:INFO:Initializing predict_model()
2025-04-29 21:29:54,272:INFO:predict_model(self=<pycaret.clustering.oop.ClusteringExperiment object at 0x000001A651843D50>, estimator=Pipeline(memory=Memory(location=None),
         steps=[('numerical_imputer',
                 TransformerWrapper(include=[], transformer=SimpleImputer())),
                ('categorical_imputer',
                 TransformerWrapper(include=['age', 'edu_level', 'fav_animals',
                                             'fav_place', 'gender'],
                                    transformer=SimpleImputer(strategy='most_frequent'))),
                ('ordinal_encoding',
                 TransformerWrapper(include=['gender'],
                                    transfo...
                                                               mapping=[{'col': 'gender',
                                                                         'data_type': dtype('O'),
                                                                         'mapping': Kobieta      0
Mężczyzna    1
NaN         -1
dtype: int64}]))),
                ('onehot_encoding',
                 TransformerWrapper(include=['age', 'edu_level', 'fav_animals',
                                             'fav_place'],
                                    transformer=OneHotEncoder(cols=['age',
                                                                    'edu_level',
                                                                    'fav_animals',
                                                                    'fav_place'],
                                                              handle_missing='return_nan',
                                                              use_cat_names=True))),
                ('trained_model', KMeans(random_state=123))]), ml_usecase=None)
2025-04-29 21:29:54,272:INFO:Set up data.
2025-04-29 21:29:58,095:INFO:Initializing predict_model()
2025-04-29 21:29:58,095:INFO:predict_model(self=<pycaret.clustering.oop.ClusteringExperiment object at 0x000001A65177FD10>, estimator=Pipeline(memory=Memory(location=None),
         steps=[('numerical_imputer',
                 TransformerWrapper(include=[], transformer=SimpleImputer())),
                ('categorical_imputer',
                 TransformerWrapper(include=['age', 'edu_level', 'fav_animals',
                                             'fav_place', 'gender'],
                                    transformer=SimpleImputer(strategy='most_frequent'))),
                ('ordinal_encoding',
                 TransformerWrapper(include=['gender'],
                                    transfo...
                                                               mapping=[{'col': 'gender',
                                                                         'data_type': dtype('O'),
                                                                         'mapping': Kobieta      0
Mężczyzna    1
NaN         -1
dtype: int64}]))),
                ('onehot_encoding',
                 TransformerWrapper(include=['age', 'edu_level', 'fav_animals',
                                             'fav_place'],
                                    transformer=OneHotEncoder(cols=['age',
                                                                    'edu_level',
                                                                    'fav_animals',
                                                                    'fav_place'],
                                                              handle_missing='return_nan',
                                                              use_cat_names=True))),
                ('trained_model', KMeans(random_state=123))]), ml_usecase=None)
2025-04-29 21:29:58,095:INFO:Set up data.
2025-04-29 21:29:59,176:INFO:Initializing predict_model()
2025-04-29 21:29:59,176:INFO:predict_model(self=<pycaret.clustering.oop.ClusteringExperiment object at 0x000001A6532C91D0>, estimator=Pipeline(memory=Memory(location=None),
         steps=[('numerical_imputer',
                 TransformerWrapper(include=[], transformer=SimpleImputer())),
                ('categorical_imputer',
                 TransformerWrapper(include=['age', 'edu_level', 'fav_animals',
                                             'fav_place', 'gender'],
                                    transformer=SimpleImputer(strategy='most_frequent'))),
                ('ordinal_encoding',
                 TransformerWrapper(include=['gender'],
                                    transfo...
                                                               mapping=[{'col': 'gender',
                                                                         'data_type': dtype('O'),
                                                                         'mapping': Kobieta      0
Mężczyzna    1
NaN         -1
dtype: int64}]))),
                ('onehot_encoding',
                 TransformerWrapper(include=['age', 'edu_level', 'fav_animals',
                                             'fav_place'],
                                    transformer=OneHotEncoder(cols=['age',
                                                                    'edu_level',
                                                                    'fav_animals',
                                                                    'fav_place'],
                                                              handle_missing='return_nan',
                                                              use_cat_names=True))),
                ('trained_model', KMeans(random_state=123))]), ml_usecase=None)
2025-04-29 21:29:59,177:INFO:Set up data.
2025-04-29 21:30:00,365:INFO:Initializing predict_model()
2025-04-29 21:30:00,365:INFO:predict_model(self=<pycaret.clustering.oop.ClusteringExperiment object at 0x000001A651808450>, estimator=Pipeline(memory=Memory(location=None),
         steps=[('numerical_imputer',
                 TransformerWrapper(include=[], transformer=SimpleImputer())),
                ('categorical_imputer',
                 TransformerWrapper(include=['age', 'edu_level', 'fav_animals',
                                             'fav_place', 'gender'],
                                    transformer=SimpleImputer(strategy='most_frequent'))),
                ('ordinal_encoding',
                 TransformerWrapper(include=['gender'],
                                    transfo...
                                                               mapping=[{'col': 'gender',
                                                                         'data_type': dtype('O'),
                                                                         'mapping': Kobieta      0
Mężczyzna    1
NaN         -1
dtype: int64}]))),
                ('onehot_encoding',
                 TransformerWrapper(include=['age', 'edu_level', 'fav_animals',
                                             'fav_place'],
                                    transformer=OneHotEncoder(cols=['age',
                                                                    'edu_level',
                                                                    'fav_animals',
                                                                    'fav_place'],
                                                              handle_missing='return_nan',
                                                              use_cat_names=True))),
                ('trained_model', KMeans(random_state=123))]), ml_usecase=None)
2025-04-29 21:30:00,365:INFO:Set up data.
